{
  "cleanup_old_jobs": 0.0002713203430175781,
  "execute_task": 0.04961204528808594,
  "run_simple_mode": 0.04990410804748535
}